use interpreter;
--
-- DUMPING DATA FOR TABLE `SM_BUSINESS_FUNCTION_OLD`
--

INSERT INTO sm_business_function_old (ID,DESCRIZIONE,PROCESS_STEP,CODICE) VALUES (1,'I NUOVI DATI VENGONO COPIATI INTEGRALMENTE SU MICRO_GX',1,NULL),(2,'VISUALIZZAZIONE DI DETTAGLI DELLA UF E IMPOSTAZIONE MANUALE  DELLA POLITICA DI INSERIMENTO',2,NULL),(3,'CORREZIONE AUTOMATICA DI ERRORE SISTEMATICO PREVISTO DA POLITICA DI INSERIMENTO (COMPLETAMENTO DEGLI ORDINI)',3,NULL),(4,'CORREZIONE AUTOMATICA DI ERRORE SISTEMATICO PREVISTO DA POLITICA DI INSERIMENTO (DIVISIONE PER 1000)',4,NULL),(5,'SELEZIONE AUTOMATICA DEI QUESTIONARI PER L''INSERIMENTO NELL''ELENCO RETTIFICHE O NELL''ELENCO INSERIMENTI',5,NULL),(6,'REVISIONE MANUALE DEI QUESTIONARI INSERITI NEGLI ELENCHI RETTIFICHE E INSERIMENTI NELLA FASE CARICAMENTO DEI DATI SUL DB DI INDAGINE. A CURA  DEI REVISORI',6,NULL),(7,'TRATTAMENTO INTERATTIVO DEGLI ERRORI TRAMITE RI-CONTATTO DEL REFERENTE DI IMPRESA PER I QUESTIONARI INSERITI NELL''ELENCO RETTIFICHE',7,NULL),(8,'CORREZIONE MANUALE DEI DATI ANOMALI (PREVALENTEMENTE LE MANCATE DIVISIONI PER 1000 E LE INVERSIONI DEI VALORI TRA INTERNO ED ESTERO)',8,NULL),(9,'REGISTRAZIONE DI INFORMAZIONI RELATIVE ALLA VALIDAZIONE DEL DATO IN APPOSITO CAMPO NOTE DEL SISTEMA GESTIONALE',9,NULL);

--
-- DUMPING DATA FOR TABLE `SM_RULESET`
--

INSERT INTO sm_ruleset (ID,NOME,DESCR,TIPO) VALUES (3,'FATT_VALIDATE','REGOLE DI VALIDAZIONE',3),(2,'FATT_LOAD','REGOLE DI MAPPING DA GX A WD PER FATT',2),(1,'FATT_LOAD_INPUT','REGOLE DI LOADING DA GX ',1),(4,'FATT_LOAD_INPUT','REGOLE DI LOADING DA WD',1);

--
-- DUMPING DATA FOR TABLE `SM_BUSINESS_STEP`
--

INSERT INTO sm_business_step (ID,NOME,DESCR,REGOLA) VALUES (1,'CARICA DATI ',NULL,NULL);

--
-- DUMPING DATA FOR TABLE `SM_TIPO_TABELLA`
--

INSERT INTO sm_tipo_tabella (ID,DESCRIZIONE,FLAG_BACKUP) VALUES (1,'CORRENTE',0);

--
-- DUMPING DATA FOR TABLE `SM_FASE`
--

INSERT INTO sm_fase (ID,NOME,DESCR) VALUES (1,'RD','RACCOLTA DATI'),(2,'WD','WORKING DATA');

--
-- DUMPING DATA FOR TABLE `SM_UNIT_TYPE`
--

INSERT INTO sm_unit_type (ID,ID_UNIT_TYPE,DESCRIZIONE_IT,DESCRIZIONE_EN) VALUES (1,'IND','INDIVIDUO',NULL),(2,'IMP','IMPRESA',NULL),(3,'EVE','EVENTO',NULL),(4,'FAM','FAMIGLIA',NULL);

--
-- DUMPING DATA FOR TABLE `SM_UNIT`
--

INSERT INTO sm_unit (ID,DESCRIZIONE,UNIT_TYPE,UNIT_PADRE) VALUES (1,'UNITÀ FUNZIONALI                    ',2,NULL),(2,'UNITÀ FUNZIONALE GX',2,NULL);

--
-- DUMPING DATA FOR TABLE `SM_INDAGINE`
--

INSERT INTO sm_indagine (ID,CODICE_PROCESSO_SIDI,NOME_SIDI,NOME_SIDI_ENG,DESCRIZIONE,DESCRIZIONE_ENG,EMAIL_RESPONSABILE,NOME_RESPONSABILE,TIPO_PROCESSO,NOME_TIPO_PROCESSO,STATO,PERIOD_CICLO_PROD,PERIOD_CICLO_PROD_ENG,NOME_DISEGNO,NOME_DISEGNO_ENG,CODICE_DISEGNO,SIGLA,NORMATIVA) VALUES (1,'5000157','INDAGINE MENSILE SUL FATTURATO E ORDINATIVI DELL''INDUSTRIA','MONTHLY SURVEY ON SALES AND ORDERS','L''INDAGINE, RIVOLTA ESCLUSIVAMENTE ALLE INDUSTRIE ESTRATTIVE E MANIFATTURIERE, DESCRIVE ATTRAVERSO IL FATTURATO L''ANDAMENTO DELLE VENDITE FORNENDO INOLTRE, SULLA BASE DEGLI ORDINI ASSUNTI DALLE IMPRESE, UNA MISURA DELL''ANDAMENTO FUTURO DELLE VENDITE STESSE. IL PROCESSO ADOTTA UNA POLITICA DI REVISIONE PER IL RILASCIO DEI DATI. PER MAGGIORI INFORMAZIONI SI POSSONO CONSULTARE I DOCUMENTI SULLA POLITICA DI REVISIONE DISPONIBILI <A HREF=HTTP://SIQUAL.ISTAT.IT/SIQUAL/DETTAGLIOINDAGINE.DO?DISPATCH=DOCGENERALI&ID=5000157&REFRESH=TRUE&LANGUAGE=IT>QUI</A>',NULL,'PASCUCCI@ISTAT.IT','CARMELA PASCUCCI',1,'RILEVAZIONE','ATTIVA','MENSILE','MONTHLY   ','CAMPIONAMENTO RAGIONATO ','JUDGEMENTAL SAMPLING ',40,'FATT','REGOLAMENTO N. 1158/2005, REGOLAMENTO N. 1165/1998'),(2,'8888957','RILEVAZIONE TRIMESTRALE SUL FATTURATO DEI SERVIZI','QUARTERLY SURVEY ON TURNOVER IN THE SERVICES','LA RILEVAZIONE TRIMESTRALE SUL FATTURATO DEI SERVIZI, DISCIPLINATA DAL REGOLAMENTO COMUNITARIO SULLE STATISTICHE CONGIUNTURALI (N. 1165/98 CE, ALLEGATO D RELATIVO AGLI ALTRI SERVIZI) E INCLUSA NEL PROGRAMMA STATISTICO NAZIONALE, È UN''INDAGINE CAMPIONARIA FINALIZZATA A PRODURRE INDICATORI CONGIUNTURALI UTILI PER MISURARE L''ANDAMENTO DELL''ATTIVITÀ ECONOMICA NEI SETTORI DEL COMMERCIO INTERNO (DIVISIONI G45,G46) E DEGLI ALTRI SERVIZI (SEZIONI H, I J M,N). GLI INDICI TRIMESTRALI SONO DIFFUSI IN FORMA PROVVISORIA ENTRO CIRCA 60 GIORNI DALLA SCADENZA DEL PERIODO DI RIFERIMENTO E IN FORMA DEFINITIVA DOPO CIRCA 150 GIORNI. IL PROCESSO ADOTTA UNA POLITICA DI REVISIONE PER IL RILASCIO DEI DATI. PER MAGGIORI INFORMAZIONI SI POSSONO CONSULTARE I DOCUMENTI SULLA POLITICA DI REVISIONE DISPONIBILI <A HREF=HTTP://SIQUAL.ISTAT.IT/SIQUAL/DETTAGLIOINDAGINE.DO?DISPATCH=DOCGENERALI&ID=8888957&REFRESH=TRUE&LANGUAGE=IT>QUI</A>
','THE QUARTERLY SURVEY ON TURNOVER OF THE SERVICES IS A SAMPLING SURVEY AIMED TO PRODUCE SHORT TERM INDICATORS FOR THE SECTORS CONSIDERED. THE SURVEY HAS REALIZED IN ACCORDANCE WITH EU REGULATION ON SHORT TERM STATISTICS (N.1165/98 EC, ANNEX D, REFERRING OTHER SERVICES) AND INCLUDED IN STATISTIC NATIONAL PROGRAM. A PROVISIONAL INDEX IS PUBLISHED ABOUT 60 DAYS FROM REFERENCE PERIOD AND IT WILL BE REVISED AND PUBLISHED AS DEFINITIVE ONE ABOUT 150 DAYS. ','FILIBERT@ISTAT.IT','SALVATORE FILIBERTI',1,'RILEVAZIONE','ATTIVA','TRIMESTRALE','QUARTERLY','CAMPIONAMENTO IN PARTE RAGIONATO E IN PARTE CASUALE AD UNO STADIO CON STRATIFICAZIONE','PARTLY JUDGEMENTAL AND PARTLY SINLGE STAGE STRATIFIED RANDOM SAMPLING',270,'FAS','D.P.R. DECRETO DEL PRESIDENTE DELLA REPUBBLICA/2013, REGOLAMENTO N. 1158/2005, DECRETO LEGISLATIVO N. 196/2003, DECRETO LEGGE N. 101/2013, REGOLAMENTO N. 1165/1998, D.P.R. DECRETO DEL PRESIDENTE DELLA REPUBBLICA N. 166/2010, DECRETO MINISTERIALE O DPCM/2013');

--
-- DUMPING DATA FOR TABLE `SM_INDAGINE_FASI_SIDI`
--

INSERT INTO sm_indagine_fasi_sidi (ID,INDAGINE,CODICE_PROCESSO_SIDI,CODICE_FASE,CODICE_FASE_PADRE,NOME_FASE,NOME_FASE_ENG,DESCRIZIONE_FASE,DESCRIZIONE_FASE_ENG,STATO_FASE,ORDINE0,ORDINE1,ORDINE2,ORDINE3,DATA_IN,DATA_FIN) VALUES (1,1,'5000157',330,0,'RILEVAZIONE DEI DATI PRESSO LE UNITÀ DI RILEVAZIONE','DATA COLLECTION MODE',NULL,NULL,'VALIDO',70,0,0,0,NULL,NULL),(2,1,'5000157',400,330,'TECNICA DI RILEVAZIONE POSTALE PER AUTOCOMPILAZIONE DEI MODELLI DI RILEVAZIONE','MAIL SELF-ADMINISTERED DATA COLLECTION ',NULL,NULL,'VALIDO',70,30,0,0,NULL,NULL),(3,1,'5000157',3140,330,'TECNICA DI RILEVAZIONE PER AUTOCOMPILAZIONE CON ACQUISIZIONE TELEMATICA','SELF-ADMINISTERED DATA COLLECTION VIA ELECTRONIC TRANSMISSION',NULL,NULL,'VALIDO',70,50,0,0,NULL,NULL),(4,1,'5000157',109179,3140,'INDAGINE PER AUTOCOMPILAZIONE DI UN QUESTIONARIO ELETTRONICO (CAWI) ATTRAVERSO IL PORTALE DELLE IMPRESE DELL''ISTAT','SELF-ADMINISTERED DATA COLLECTION BY E-QUESTIONNAIRE (COMPUTER ASSISTED WEB INTERVIEWING - CAWI) ON ISTAT ENTERPRISES PORTAL',NULL,NULL,'VALIDO',70,50,55,0,'2015-01-31 00:00:00','9999-12-31 00:00:00'),(5,1,'5000157',106119,0,'PRE-TRATTAMENTO DEI DATI','DATA PRE-PROCESSING',NULL,NULL,'VALIDO',90,0,0,0,NULL,NULL),(6,1,'5000157',106129,106119,'REVISIONE MANUALE','MANUAL REVISION',NULL,NULL,'VALIDO',90,10,0,0,NULL,NULL),(7,1,'5000157',106149,106119,'REGISTRAZIONE DEI DATI','DATA ENTRY',NULL,NULL,'VALIDO',90,30,0,0,NULL,NULL),(8,1,'5000157',106159,106149,'REGISTRAZIONE MEDIANTE IMMISSIONE DATI DA PARTE DI OPERATORI (CADI - COMPUTER ASSISTED DATA INPUTING)','MANUAL DATA ENTRY',NULL,NULL,'VALIDO',90,30,20,0,NULL,NULL),(9,1,'5000157',106169,106119,'REVISIONE DURANTE LA REGISTRAZIONE','REVISION DURING DATA ENTRY',NULL,NULL,'VALIDO',90,40,0,0,NULL,NULL),(10,1,'5000157',106239,106119,'ORGANIZZAZIONE DEI DATI IN PIÙ FILE','ORGANISING DATA IN VARIOUS FILES',NULL,NULL,'VALIDO',90,53,0,0,NULL,NULL),(11,1,'5000157',105299,0,'CONTROLLO E CORREZIONE DEI DATI','EDITING AND IMPUTATION',NULL,NULL,'VALIDO',142,0,0,0,NULL,NULL),(12,1,'5000157',105309,105299,'PROCEDURE COMPLETAMENTE DETERMINISTICHE','FULLY DETERMINISTIC PROCEDURES ',NULL,NULL,'VALIDO',142,10,0,0,NULL,NULL),(13,1,'5000157',105329,105309,'LOCALIZZAZIONE DETERMINISTICA DI ERRORI E VALORI ANOMALI E IMPUTAZIONE MEDIANTE REGOLE DETERMINISTICHE','DETERMINISTIC ERROR AND OUTLIER DETECTION AND IMPUTATION BASED ON DETERMINISTIC RULES (IF-THEN)',NULL,NULL,'VALIDO',142,10,20,0,'2010-03-31 00:00:00','9999-12-31 00:00:00'),(14,1,'5000157',105399,105299,'PROCEDURE COMPLETAMENTE INTERATTIVE EFFETTUATE SUL FILE DEI DATI REGISTRATI','FULLY INTERACTIVE PROCEDURES ON RECORDED DATA ',NULL,NULL,'VALIDO',142,30,0,0,NULL,NULL),(15,1,'5000157',105459,105399,'LOCALIZZAZIONE DI ERRORI E VALORI ANOMALI EFFETTUATA DALL''OPERATORE E IMPUTAZIONE DA OPERATORE RICONTATTANDO I RISPONDENTI','ERROR AND OUTLIER DETECTION AND IMPUTATION BY CLERICAL REVIEWERS BASED ON RESPONDENT FOLLOW-UP',NULL,NULL,'VALIDO',142,30,60,0,'2010-03-31 00:00:00','9999-12-31 00:00:00'),(16,1,'5000157',106179,105299,'PROCEDURE MISTE: LOCALIZZAZIONE DETERMINISTICA E IMPUTAZIONE DA OPERATORE','MIXED PROCEDURES: DETERMINISTIC DETECTION AND IMPUTATION BY CLERICAL REVIEWERS',NULL,NULL,'VALIDO',142,50,0,0,NULL,NULL),(17,1,'5000157',102049,0,'ELABORAZIONE DEI DATI','DATA PROCESSING','LA REVISIONE VIENE EFFETTUATA UNA VOLTA LANNO CON ESTENSIONE AI QUATTRO ANNI PRECEDENTI. I RISULTATI DELLA REVISIONE VENGONO DIFFUSI CON I DATI DI SETTEMBRE (RILASCIATI A NOVEMBRE). LOBIETTIVO DELLA REVISIONE È QUELLO DI INCORPORARE NEGLI INDICATORI LE RISPOSTE GIUNTE CON RITARDO, LE CORREZIONI DI INFORMAZIONI GIÀ PERVENUTE, LE RETTIFICHE DOVUTE A TRASFORMAZIONI SOCIETARIE RILEVATE A POSTERIORI.','ONCE A YEAR, A REVISED VERSION OF THE INDEXES IS RELEASED. THE REVISION PROCESS CONCERNS DATA FOR THE LAST FOUR YEARS. THE RESULTS OF REVISION ARE RELEASED IN NOVEMBER (WITH SEPTEMBER DATA). THE AIM OF REVISION IS TO UPDATE INDICATORS WITH ADDITIONAL DATA ARRIVED FROM LATE RESPONDENTS; TO CORRECT ERRORS DETECTED IN DATA ALREADY EMBODIED IN THE ESTIMATES, TO CORRECT DATA CONSIDERING NEW CORPORATE STRUCTURE OF SAMPLE FIRMS. ','VALIDO',180,0,0,0,NULL,NULL),(18,1,'5000157',102069,102049,'ELABORAZIONE DI DATI DEFINITIVI','FINAL DATA PROCESSING ',NULL,NULL,'VALIDO',180,20,0,0,NULL,NULL),(19,1,'5000157',102299,102069,'ELABORAZIONE DI INDICI DEFINITIVI','PROCESSING FINAL INDEXES ',NULL,NULL,'VALIDO',180,20,210,0,'1995-01-31 00:00:00','9999-12-31 00:00:00'),(20,1,'5000157',102169,0,'VALIDAZIONE DEI DATI','DATA VALIDATION',NULL,NULL,'VALIDO',190,0,0,0,NULL,NULL),(21,1,'5000157',102179,102169,'CONTROLLO DI CONGRUENZA CON PRECEDENTI DATI DELLA STESSA INDAGINE','COHERENCE CONTROL WITH PREVIOUS DATA OF THE SAME SURVEY ',NULL,NULL,'VALIDO',190,10,0,0,'1995-01-31 00:00:00','9999-12-31 00:00:00'),(22,1,'5000157',102209,0,'ARCHIVIAZIONE DEI DATI','DATA STORAGE',NULL,NULL,'VALIDO',208,0,0,0,NULL,NULL),(23,1,'5000157',102219,102209,'ARCHIVIAZIONE FILE DI MICRODATI NELL''ARCHIVIO MICRODATI VALIDATI (ARMIDA)','MICRODATA FILE STORAGE IN ISTAT VALIDATED MICRODATA REPOSITORY (ARMIDA)',NULL,NULL,'VALIDO',208,10,0,0,'2002-12-30 00:00:00','9999-12-31 00:00:00'),(24,1,'5000157',1010,0,'DIFFUSIONE','DISSEMINATION',NULL,NULL,'VALIDO',210,0,0,0,NULL,NULL),(25,1,'5000157',3780,1010,'DIFFUSIONE DEL COMUNICATO STAMPA (STATISTICHE-FLASH, STATISTICHE-REPORT, STATISTICHE-FOCUS, NOTE INFORMATIVE)','PRESS RELEASE DISSEMINATION (STATISTICHE-FLASH, STATISTICHE-REPORT, STATISTICHE-FOCUS, NOTE INFORMATIVE)',NULL,NULL,'VALIDO',210,10,0,0,'1995-01-31 00:00:00','9999-12-31 00:00:00'),(26,1,'5000157',1020,1010,'PUBBLICAZIONI','EDITING PUBLICATIONS',NULL,NULL,'VALIDO',210,20,0,0,NULL,NULL),(27,1,'5000157',3840,1020,'PUBBLICAZIONE DI DATI SU VOLUMI GENERALI DELL''ISTAT (ASI, CONOSCERE L''ITALIA, COMPENDIO STATISTICO ITALIANO, ETC.)','PUBLICATION OF DATA ON ISTAT GENERAL VOLUMES (STATISTICAL YEARBOOK, CONOSCERE L''ITALIA, ITALIAN STATISTICAL COMPENDIUM, ETC.)',NULL,NULL,'VALIDO',210,20,30,0,'1995-01-31 00:00:00','9999-12-31 00:00:00'),(28,1,'5000157',1040,1010,'IMMISSIONE DEI DATI IN BANCHE DATI O SISTEMI INFORMATIVI PER LA DIFFUSIONE','DISSEMINATION IN DISSEMINATION DATA BASES OR INFORMATION SYSTEMS ',NULL,NULL,'VALIDO',210,40,0,0,NULL,NULL),(29,1,'5000157',3820,1040,'IMMISSIONE DI INFORMAZIONI IN BANCHE DATI SU INTERNET O ALTRE RETI O ATTRAVERSO SISTEMI TELEMATICI QUALI BBS (BULLETIN BOARD SYSTEM)','DISSEMINATION IN DATA BASES ON THE INTERNET OR OTHER NETWORKS OR ELECTRONIC SYSTEMS AS BBS (BULLETIN BOARD SYSTEM)',NULL,NULL,'VALIDO',210,40,20,0,'2001-01-31 00:00:00','9999-12-31 00:00:00'),(30,1,'5000157',109399,0,'VALUTAZIONE','EVALUATION',NULL,NULL,'VALIDO',213,0,0,0,NULL,NULL),(31,2,'8888957',103829,0,'PREDISPOSIZIONE DELL''ELENCO DELLE UNITÀ O ENTI DI RILEVAZIONE','FRAME DEVELOPMENT',NULL,NULL,'VALIDO',30,0,0,0,NULL,NULL),(32,2,'8888957',103839,103829,'ESTRAZIONE DELL''ELENCO DELLE UNITÀ O ENTI DI RILEVAZIONE DA UN ARCHIVIO CENTRALIZZATO ISTAT (AD ESEMPIO: ASIA, ELENCO DEI COMUNI, LAC)','DRAWING THE LIST OF REPORTING UNITS  FROM AN ISTAT CENTRALISED FRAME (E.G. ITALIAN STATISTICAL BUSINESS REGISTER  - ASIA, MUNICIPALITY REGISTER, LAC)',NULL,NULL,'VALIDO',30,50,0,0,'2001-12-31 00:00:00','9999-12-31 00:00:00'),(33,2,'8888957',330,0,'RILEVAZIONE DEI DATI PRESSO LE UNITÀ DI RILEVAZIONE','DATA COLLECTION MODE',NULL,NULL,'VALIDO',70,0,0,0,NULL,NULL),(34,2,'8888957',400,330,'TECNICA DI RILEVAZIONE POSTALE PER AUTOCOMPILAZIONE DEI MODELLI DI RILEVAZIONE','MAIL SELF-ADMINISTERED DATA COLLECTION ',NULL,NULL,'VALIDO',70,30,0,0,NULL,NULL),(35,2,'8888957',3140,330,'TECNICA DI RILEVAZIONE PER AUTOCOMPILAZIONE CON ACQUISIZIONE TELEMATICA','SELF-ADMINISTERED DATA COLLECTION VIA ELECTRONIC TRANSMISSION',NULL,NULL,'VALIDO',70,50,0,0,NULL,NULL),(36,2,'8888957',109179,3140,'INDAGINE PER AUTOCOMPILAZIONE DI UN QUESTIONARIO ELETTRONICO (CAWI) ATTRAVERSO IL PORTALE DELLE IMPRESE DELL''ISTAT','SELF-ADMINISTERED DATA COLLECTION BY E-QUESTIONNAIRE (COMPUTER ASSISTED WEB INTERVIEWING - CAWI) ON ISTAT ENTERPRISES PORTAL',NULL,NULL,'VALIDO',70,50,55,0,'2016-03-31 00:00:00','9999-12-31 00:00:00'),(37,2,'8888957',106119,0,'PRE-TRATTAMENTO DEI DATI','DATA PRE-PROCESSING',NULL,NULL,'VALIDO',90,0,0,0,NULL,NULL),(38,2,'8888957',106129,106119,'REVISIONE MANUALE','MANUAL REVISION',NULL,NULL,'VALIDO',90,10,0,0,NULL,NULL),(39,2,'8888957',106149,106119,'REGISTRAZIONE DEI DATI','DATA ENTRY',NULL,NULL,'VALIDO',90,30,0,0,NULL,NULL),(40,2,'8888957',106159,106149,'REGISTRAZIONE MEDIANTE IMMISSIONE DATI DA PARTE DI OPERATORI (CADI - COMPUTER ASSISTED DATA INPUTING)','MANUAL DATA ENTRY',NULL,NULL,'VALIDO',90,30,20,0,NULL,NULL),(41,2,'8888957',106169,106119,'REVISIONE DURANTE LA REGISTRAZIONE','REVISION DURING DATA ENTRY',NULL,NULL,'VALIDO',90,40,0,0,NULL,NULL),(42,2,'8888957',105299,0,'CONTROLLO E CORREZIONE DEI DATI','EDITING AND IMPUTATION',NULL,NULL,'VALIDO',142,0,0,0,NULL,NULL),(43,2,'8888957',106179,105299,'PROCEDURE MISTE: LOCALIZZAZIONE DETERMINISTICA E IMPUTAZIONE DA OPERATORE','MIXED PROCEDURES: DETERMINISTIC DETECTION AND IMPUTATION BY CLERICAL REVIEWERS',NULL,NULL,'VALIDO',142,50,0,0,NULL,NULL),(44,2,'8888957',105549,106179,'LOCALIZZAZIONE DETERMINISTICA DI ERRORI E VALORI ANOMALI E IMPUTAZIONE DA OPERATORE IN BASE A PRECEDENTI OSSERVAZIONI DELLA STESSA INDAGINE','DETERMINISTIC ERROR AND OUTLIER DETECTION AND IMPUTATION BY CLERICAL REVIEWERS BASED ON DATA FROM PREVIOUS EDITIONS OF THE SAME SURVEY',NULL,NULL,'VALIDO',142,50,20,0,'2001-12-31 00:00:00','9999-12-31 00:00:00'),(45,2,'8888957',105569,106179,'LOCALIZZAZIONE DETERMINISTICA DI ERRORI E VALORI ANOMALI E IMPUTAZIONE DA OPERATORE EFFETTUANDO UNA VERIFICA SUI QUESTIONARI','DETERMINISTIC ERROR AND OUTLIER DETECTION AND IMPUTATION BY CLERICAL REVIEWERS BASED ON QUESTIONNAIRE REVIEW',NULL,NULL,'VALIDO',142,50,40,0,'2001-12-31 00:00:00','9999-12-31 00:00:00'),(46,2,'8888957',105579,106179,'LOCALIZZAZIONE DETERMINISTICA DI ERRORI E VALORI ANOMALI E IMPUTAZIONE DA OPERATORE RICONTATTANDO I RISPONDENTI','DETERMINISTIC ERROR AND OUTLIER DETECTION AND IMPUTATION BY CLERICAL REVIEWERS BASED ON RESPONDENT FOLLOW-UP',NULL,NULL,'VALIDO',142,50,50,0,'2001-12-31 00:00:00','9999-12-31 00:00:00'),(47,2,'8888957',106189,105299,'PROCEDURE MISTE: LOCALIZZAZIONE PROBABILISTICA E IMPUTAZIONE DETERMINISTICA','MIXED PROCEDURES: PROBABILISTIC DETECTION AND DETERMINISTIC IMPUTATION',NULL,NULL,'VALIDO',142,60,0,0,NULL,NULL),(48,2,'8888957',102049,0,'ELABORAZIONE DEI DATI','DATA PROCESSING',NULL,NULL,'VALIDO',180,0,0,0,NULL,NULL),(49,2,'8888957',102059,102049,'ELABORAZIONE DI DATI PROVVISORI','PROVISIONAL DATA PROCESSING ',NULL,NULL,'VALIDO',180,10,0,0,NULL,NULL),(50,2,'8888957',103769,102059,'PREDISPOSIZIONE FILE DI MACRODATI PROVVISORI PER EUROSTAT','SETTING UP PROVISIONAL MACRODATA FILES FOR EUROSTAT',NULL,NULL,'VALIDO',180,10,90,0,'2001-12-31 00:00:00','9999-12-31 00:00:00'),(51,2,'8888957',102129,102059,'ELABORAZIONE DI INDICI PROVVISORI','PROCESSING PROVISIONAL INDEXES ',NULL,NULL,'VALIDO',180,10,110,0,'2001-12-31 00:00:00','9999-12-31 00:00:00'),(52,2,'41-TRIAL-8888957 167',102069,102049,'34-TRIAL-ELABORAZIONE DI DATI DEFINITIVI 100','269-TRIAL-FINAL DATA PROCESSING  124','78-TRIAL- 258','262-TRIAL- 164','5-TRIAL-VALIDO 245',180,20,0,0,NULL,NULL),(53,2,'181-TRIAL-8888957 27',103789,102069,'61-TRIAL-PREDISPOSIZIONE FILE DI MACRODATI DEFINITIVI PER EUROSTAT 191','295-TRIAL-SETTING UP FINAL MACRODATA FILES FOR EUROSTAT 242','27-TRIAL- 36','291-TRIAL- 204','2-TRIAL-VALIDO 153',180,20,190,0,'2001-12-31 00:00:00','9999-12-31 00:00:00'),(54,2,'292-TRIAL-8888957 82',102299,102069,'21-TRIAL-ELABORAZIONE DI INDICI DEFINITIVI 116','218-TRIAL-PROCESSING FINAL INDEXES  95','47-TRIAL- 126','71-TRIAL- 138','69-TRIAL-VALIDO 112',180,20,210,0,'2001-12-31 00:00:00','9999-12-31 00:00:00'),(55,2,'167-TRIAL-8888957 199',106229,102049,'235-TRIAL-METODI DI ELABORAZIONE 294','203-TRIAL-PROCESSING METHODS 111','122-TRIAL- 33','273-TRIAL- 164','141-TRIAL-VALIDO 211',180,80,0,0,NULL,NULL),(56,2,'53-TRIAL-8888957 268',102039,106229,'47-TRIAL-CALCOLO DELLE STIME 44','262-TRIAL-ESTIMATE CALCULATION 57','237-TRIAL- 259','23-TRIAL- 141','229-TRIAL-VALIDO 178',180,80,20,0,'2001-12-31 00:00:00','9999-12-31 00:00:00'),(57,2,'16-TRIAL-8888957 35',102169,0,'290-TRIAL-VALIDAZIONE DEI DATI 42','288-TRIAL-DATA VALIDATION 106','40-TRIAL- 242','64-TRIAL- 148','146-TRIAL-VALIDO 105',190,0,0,0,NULL,NULL),(58,2,'290-TRIAL-8888957 129',102179,102169,'70-TRIAL-CONTROLLO DI CONGRUENZA CON PRECEDENTI DATI DELLA STESSA INDAGINE 50','6-TRIAL-COHERENCE CONTROL WITH PREVIOUS DATA OF THE SAME SURVEY  201','93-TRIAL- 248','129-TRIAL- 23','84-TRIAL-VALIDO 154',190,10,0,0,'2001-12-31 00:00:00','9999-12-31 00:00:00'),(59,2,'156-TRIAL-8888957 140',101369,102169,'166-TRIAL-CONTROLLO DI CONGRUENZA CON DATI DI ALTRE INDAGINI O ALTRE FONTI 176','131-TRIAL-COHERENCE CONTROL WITH DATA FROM OTHER SURVEYS OR SOURCES 208','144-TRIAL- 39','26-TRIAL- 223','137-TRIAL-VALIDO 238',190,20,0,0,'2001-12-31 00:00:00','9999-12-31 00:00:00'),(60,2,'218-TRIAL-8888957 282',102189,102169,'129-TRIAL-CONTROLLO INDIVIDUALE DEI DATI RELATIVI ALLE UNITÀ CHE CONTRIBUISCONO MAGGIORMENTE AL CALCOLO DEGLI AGGREGATI (ES. GRANDI IMPRESE) 41','33-TRIAL-CONTROL OF INFLUENTIAL UNIT DATA, STRONGLY CONTRIBUTING TO COMPUTATION OF AGGREGATES (E.G. LARGE ENTERPRISES) 215','139-TRIAL- 258','204-TRIAL- 30','177-TRIAL-VALIDO 206',190,30,0,0,'2001-12-31 00:00:00','9999-12-31 00:00:00'),(61,2,'173-TRIAL-8888957 186',102209,0,'221-TRIAL-ARCHIVIAZIONE DEI DATI 245','224-TRIAL-DATA STORAGE 172','270-TRIAL- 129','77-TRIAL- 273','297-TRIAL-VALIDO 12',208,0,0,0,NULL,NULL),(62,2,'286-TRIAL-8888957 90',102219,102209,'161-TRIAL-ARCHIVIAZIONE FILE DI MICRODATI NELL''ARCHIVIO MICRODATI VALIDATI (ARMIDA) 36','155-TRIAL-MICRODATA FILE STORAGE IN ISTAT VALIDATED MICRODATA REPOSITORY (ARMIDA) 167','255-TRIAL- 274','131-TRIAL- 52','50-TRIAL-VALIDO 250',208,10,0,0,'2001-12-31 00:00:00','9999-12-31 00:00:00'),(63,2,'141-TRIAL-8888957 124',100259,102209,'166-TRIAL-ARCHIVIAZIONE DEI DATI IN ARCHIVIO LOCALE 130','207-TRIAL-DATA STORAGE IN A LOCAL REPOSITORY 191','7-TRIAL- 237','157-TRIAL- 287','153-TRIAL-VALIDO 183',208,20,0,0,'2001-12-31 00:00:00','9999-12-31 00:00:00'),(64,2,'245-TRIAL-8888957 209',1010,0,'109-TRIAL-DIFFUSIONE 158','221-TRIAL-DISSEMINATION 288','122-TRIAL- 46','206-TRIAL- 130','213-TRIAL-VALIDO 68',210,0,0,0,NULL,NULL),(65,2,'0-TRIAL-8888957 191',3780,1010,'162-TRIAL-DIFFUSIONE DEL COMUNICATO STAMPA (STATISTICHE-FLASH, STATISTICHE-REPORT, STATISTICHE-FOCUS, NOTE INFORMATIVE) 155','10-TRIAL-PRESS RELEASE DISSEMINATION (STATISTICHE-FLASH, STATISTICHE-REPORT, STATISTICHE-FOCUS, NOTE INFORMATIVE) 59','24-TRIAL- 137','248-TRIAL- 183','295-TRIAL-VALIDO 141',210,10,0,0,'2001-12-31 00:00:00','9999-12-31 00:00:00'),(66,2,'2-TRIAL-8888957 50',1020,1010,'91-TRIAL-PUBBLICAZIONI 236','74-TRIAL-EDITING PUBLICATIONS 220','96-TRIAL- 21','48-TRIAL- 99','168-TRIAL-VALIDO 184',210,20,0,0,NULL,NULL),(67,2,'181-TRIAL-8888957 234',3800,1020,'53-TRIAL-PUBBLICAZIONE DI DATI DEFINITIVI SU VOLUMI SPECIFICI D''INDAGINE (ANNUARI, COLLANA INFORMAZIONI, ETC.) 199','18-TRIAL-PUBLICATION OF FINAL DATA ON SURVEY-SPECIFIC VOLUMES (SERIES YEARBOOKS, INFORMAZIONI, ETC.) 38','0-TRIAL- 188','127-TRIAL- 167','128-TRIAL-VALIDO 193',210,20,10,0,'2001-12-31 00:00:00','9999-12-31 00:00:00'),(68,2,'48-TRIAL-8888957 283',3810,1020,'107-TRIAL-PUBBLICAZIONE DI DATI PROVVISORI (ES.: NOTA RAPIDA, ETC.) 21','210-TRIAL-PUBLICATION OF PROVISIONAL DATA  (E.G. NOTA RAPIDA, ETC.) 17','13-TRIAL- 214','209-TRIAL- 116','35-TRIAL-VALIDO 51',210,20,20,0,'2001-12-31 00:00:00','9999-12-31 00:00:00'),(69,2,'200-TRIAL-8888957 149',3840,1020,'19-TRIAL-PUBBLICAZIONE DI DATI SU VOLUMI GENERALI DELL''ISTAT (ASI, CONOSCERE L''ITALIA, COMPENDIO STATISTICO ITALIANO, ETC.) 56','298-TRIAL-PUBLICATION OF DATA ON ISTAT GENERAL VOLUMES (STATISTICAL YEARBOOK, CONOSCERE L''ITALIA, ITALIAN STATISTICAL COMPENDIUM, ETC.) 3','224-TRIAL- 208','144-TRIAL- 209','289-TRIAL-VALIDO 2',210,20,30,0,'2006-03-31 00:00:00','9999-12-31 00:00:00'),(70,2,'195-TRIAL-8888957 85',1040,1010,'93-TRIAL-IMMISSIONE DEI DATI IN BANCHE DATI O SISTEMI INFORMATIVI PER LA DIFFUSIONE 243','223-TRIAL-DISSEMINATION IN DISSEMINATION DATA BASES OR INFORMATION SYSTEMS  87','214-TRIAL- 203','248-TRIAL- 0','258-TRIAL-VALIDO 18',210,40,0,0,NULL,NULL),(71,2,'180-TRIAL-8888957 296',3820,1040,'98-TRIAL-IMMISSIONE DI INFORMAZIONI IN BANCHE DATI SU INTERNET O ALTRE RETI O ATTRAVERSO SISTEMI TELEMATICI QUALI BBS (BULLETIN BOARD SYSTEM) 281','89-TRIAL-DISSEMINATION IN DATA BASES ON THE INTERNET OR OTHER NETWORKS OR ELECTRONIC SYSTEMS AS BBS (BULLETIN BOARD SYSTEM) 98','109-TRIAL- 157','72-TRIAL- 222','238-TRIAL-VALIDO 292',210,40,20,0,'2001-12-31 00:00:00','9999-12-31 00:00:00'),(72,2,'38-TRIAL-8888957 179',104959,1040,'190-TRIAL-IMMISSIONE DEI DATI SU INTERNET IN UN SISTEMA INFORMATIVO 257','158-TRIAL-DISSEMINATION VIA INTERNET IN AN INFORMATION SYSTEM  191','15-TRIAL- 88','256-TRIAL- 111','2-TRIAL-VALIDO 234',210,40,40,0,'2001-12-31 00:00:00','9999-12-31 00:00:00'),(73,2,'272-TRIAL-8888957 255',106249,0,'228-TRIAL-DOCUMENTAZIONE 146','262-TRIAL-DOCUMENTATION 86','275-TRIAL- 233','169-TRIAL- 42','144-TRIAL-VALIDO 216',211,0,0,0,NULL,NULL),(74,2,'281-TRIAL-8888957 198',2690,106249,'122-TRIAL-SVILUPPO DI STRUMENTI INFORMATICI PER IL CALCOLO DI INDICATORI DI QUALITÀ 51','121-TRIAL-DEVELOPING ELECTRONIC TOOLS FOR QUALITY INDICATORS COMPUTATION 299','257-TRIAL- 276','292-TRIAL- 89','275-TRIAL-VALIDO 212',211,10,0,0,'2001-12-31 00:00:00','9999-12-31 00:00:00'),(75,2,'200-TRIAL-8888957 110',102199,106249,'3-TRIAL-DIFFUSIONE DI INDICATORI DI QUALITÀ A CORREDO DELL''INFORMAZIONE STATISTICA 169','161-TRIAL-DISSEMINATING QUALITY INDICATORS SUPPORTING STATISTICAL INFORMATION 288','201-TRIAL- 189','255-TRIAL- 223','202-TRIAL-VALIDO 85',211,20,0,0,'2001-12-31 00:00:00','9999-12-31 00:00:00'),(76,2,'182-TRIAL-8888957 85',109399,0,'88-TRIAL-VALUTAZIONE 226','117-TRIAL-EVALUATION 57','232-TRIAL- 32','269-TRIAL- 54','221-TRIAL-VALIDO 89',213,0,0,0,NULL,NULL);

--
-- DUMPING DATA FOR TABLE `SM_INDAGINE_FENOMENI`
--

INSERT INTO sm_indagine_fenomeni (ID,INDAGINE,CODICE_PROCESSO_SIDI,CODICE_FENOMENO,NOME_FENOMENO,NOME_FENOMENO_ENG,DESCRIZIONE_FEN,DESCRIZIONE_FEN_ENG,STATO_FEN,DATA_IN,DATA_FIN) VALUES (1,1,'5000157',1173,'FATTURATO DELLE IMPRESE INDUSTRIALI','INDUSTRIAL ENTERPRISE TURNOVER',NULL,NULL,'VALIDO','1995-01-31 00:00:00','9999-12-31 00:00:00'),(2,1,'5000157',1174,'ORDINATIVI IMPRESE INDUSTRIALI','NEW ORDERS RECEIVED IN INDUSTRY',NULL,NULL,'VALIDO','1995-01-31 00:00:00','9999-12-31 00:00:00'),(3,2,'8888957',4998,'FATTURATO E NUMERO DI ADDETTI DELLE IMPRESE DEI SERVIZI','TURNOVER AND PERSONS EMPLOYED IN SERVICES COMPANIES',NULL,NULL,'VALIDO','2001-12-31 00:00:00','9999-12-31 00:00:00');

--
-- DUMPING DATA FOR TABLE `SM_INDAGINE_PSN`
--

INSERT INTO sm_indagine_psn (ID,INDAGINE,CODICE_PROCESSO_SIDI,ANNO_RIF_DA,CODICE_PSN) VALUES (1,1,'5000157',2017,'IST-01370'),(2,2,'8888957',2017,'IST-02630');

--
-- DUMPING DATA FOR TABLE `SM_INDAGINE_UNITA_RIL`
--

INSERT INTO sm_indagine_unita_ril (ID,INDAGINE,UNIT_TYPE,CODICE_PROCESSO_SIDI,CODICE_UNITA,NOME_UNITA,NOME_UNITA_ENG,DESCRIZIONE_UNITA,DESCRIZIONE_UNITA_ENG,STATO_UNITA,DATA_IN,DATA_FIN) VALUES (1,1,2,'5000157',637,'UNITÀ FUNZIONALI','KIND OF ACTIVITY UNITS','LE IMPRESE CHE CON LARGA PREVALENZA APPARTENGONO AD UN UNICO GRUPPO DI ATTIVITÀ ECONOMICA VENGONO CLASSIFICATE COME UNIFUNZIONALI. VICEVERSA QUELLE CHE OPERANO IN PIÙ GRUPPI SONO RILEVATE PARTITAMENTE PER CIASCUNA UNITÀ FUNZIONALE.',NULL,'VALIDO','1995-01-31 00:00:00','9999-12-31 00:00:00'),(2,2,2,'8888957',1587,'IMPRESE OPERANTI NEL SETTORE DEL COMMERCIO ALL''INGROSSO','WHOLESALE ENTERPRISES',NULL,NULL,'VALIDO','2001-12-31 00:00:00','9999-12-31 00:00:00'),(3,2,2,'8888957',1947,'IMPRESE OPERANTI NEL SETTORE MANUTENZIONE E RIPARAZIONE AUTOVEICOLI','ENTERPRISES WORKING IN THE SECTOR OF MAINTENANCE AND REPAIR OF MOTOR VEHICLES',NULL,NULL,'VALIDO','2001-12-31 00:00:00','9999-12-31 00:00:00'),(4,2,2,'8888957',1948,'IMPRESE OPERANTI NEL SETTORE DEL TRASPORTO MARITTIMO','MARITIME MARITIME TRANSPORT ENTERPRISES',NULL,NULL,'VALIDO','2001-12-31 00:00:00','9999-12-31 00:00:00'),(5,2,2,'8888957',2187,'IMPRESE OPERANTI NEL SETTORE DEI SERVIZI POSTALI','POSTAL SERVICES COMPANIES ',NULL,NULL,'VALIDO','2001-12-31 00:00:00','9999-12-31 00:00:00'),(6,2,2,'8888957',2188,'IMPRESE OPERANTI NEL SETTORE DEL TRASPORTO AEREO','AIR TRANSPORT ENTERPRISES',NULL,NULL,'VALIDO','2001-12-31 00:00:00','9999-12-31 00:00:00'),(7,2,2,'8888957',2189,'IMPRESE DEL SETTORE DELLE TELECOMUNICAZIONI','TELECOMMUNICATION COMPANIES',NULL,NULL,'VALIDO','2001-12-31 00:00:00','9999-12-31 00:00:00'),(8,2,2,'8888957',100139,'IMPRESE OPERANTI NEL SETTORE DEL TRAPORTO TERRESTRE E TRASPORTO MEDIANTE CONDOTTE','ENTERPRISES OPERATING IN LAND TRANSPORT AND TRANSPORT VIA PIPELINES',NULL,NULL,'VALIDO','2010-03-31 00:00:00','9999-12-31 00:00:00'),(9,2,2,'8888957',100140,'IMPRESE OPERANTI NEL SETTORE DEL MAGAZZINAGGIO E ATTIVITÀ DI SUPPORTO AI TRASPORTI','ENTERPRISES OPERATING IN WAREHOUSING AND SUPPORT ACTIVITIES FOR TRANSPORTATION',NULL,NULL,'VALIDO','2010-03-31 00:00:00','9999-12-31 00:00:00'),(10,2,2,'8888957',100144,'IMPRESE OPERANTI NEL SETTORE DELL''ALLOGGIO','ENTERPRISES OPERATING IN ACCOMMODATION',NULL,NULL,'VALIDO','2010-03-31 00:00:00','9999-12-31 00:00:00'),(11,2,2,'8888957',100145,'IMPRESE OPERANTI NEL SETTORE DELLE ATTIVITÀ DEI SERVIZI DI RISTORAZIONE ','ENTERPRISES OPERATING IN FOOD AND  BEVERAGE SERVICE ACTIVITIES',NULL,NULL,'VALIDO','2010-03-31 00:00:00','9999-12-31 00:00:00'),(12,2,2,'8888957',100147,'IMPRESE OPERANTI NEL SETTORE DEL COMMERCIO DI AUTOVEICOLI, DI MOTOCICLI E DI PARTI ED ACCESSORI','ENTERPRISES OPERATING IN WHOLESALE AND RETAIL TRADE AND REPAIR OF MOTOR VEHICLES AND MOTORCYCLES',NULL,NULL,'VALIDO','2010-03-31 00:00:00','9999-12-31 00:00:00'),(13,2,2,'8888957',100160,'IMPRESE OPERANTI NEI SETTORI EDITORIA E ATTIVITÀ RADIOTELEVISIVE','ENTERPRISES OPERATING IN THE PUBLISHING AND BROADCASTING ACTIVITIES',NULL,NULL,'VALIDO','2006-03-31 00:00:00','9999-12-31 00:00:00'),(14,2,2,'8888957',100161,'IMPRESE OPERANTI NEI SETTORI  DEI SERVIZI IT E ALTRI SERVIZI INFORMATIVI ','ENTERPRISES OPERATING IN IT AND OTHER INFORMATION SERVICES',NULL,NULL,'VALIDO','2001-12-31 00:00:00','9999-12-31 00:00:00'),(15,2,2,'8888957',100247,'IMPRESE OPERANTI NEI SETTORI: ATTIVITÀ PROFESSIONALI, SCIENTIFICHE E TECNICHE','ENTERPRISES OPERATING IN THE SECTORS: PROFESSIONAL, SCIENTIFIC AND TECHNICAL ACTIVITIES',NULL,NULL,'VALIDO','2010-03-31 00:00:00','9999-12-31 00:00:00'),(16,2,2,'8888957',100248,'IMPRESE OPERANTI NEI SETTORI: NOLEGGIO, AGENZIE DI VIAGGIO, SERVIZI DI SUPPORTO ALLE IMPRESE','ENTERPRISES OPERATING IN THE SECTORS: ADMINISTRATIVE AND SUPPORT SERVICE ACTIVITIES',NULL,NULL,'VALIDO','2010-03-31 00:00:00','9999-12-31 00:00:00');

--
-- DUMPING DATA FOR TABLE `SM_VARIABILE_TYPE`
--

INSERT INTO sm_variabile_type (ID,NOME_TIPO_VARIABILE_ITA,NOME_TIPO_VARIABILE_ENG,TIPO_VARIABILE,TITOLO,ORDINE) VALUES (11,'VARIABILI IDENTIFICATIVE DELLE UNITÀ','INDENTIFIER','8     ','VARIABILI IDENTIFICATIVE DELLE UNITÀ',1),(1,'VARIABILI STATISTICHE DI CLASSIFICAZIONE','CLASSIFICATION','1     ','VARIABILI STATISTICHE DI CLASSIFICAZIONE',2),(2,'VARIABILI STATISTICHE NUMERICHE','NUMERIC','2     ','VARIABILI STATISTICHE NUMERICHE',3),(3,'VARIABILI STATISTICHE TESTUALI','TEXTUAL/OPENED','3     ','VARIABILI STATISTICHE TESTUALI',4),(6,'AGGREGATO','AGGREGATE','6     ','CONCETTI RELATIVI AL CONTENUTO DEI DATI',5),(4,'CONCETTI DI TIPO OPERATIVO','OPERATIONAL','4     ','CONCETTI DI TIPO OPERATIVO',6),(5,'CONCETTI DI TIPO TEMPORALE','TEMPORALE','5     ','CONCETTI DI TIPO TEMPORALE',7),(9,'CONCETTI RELATIVI ALLA FREQUENZA','FREQUENCY','7     ','CONCETTI RELATIVI ALLA FREQUENZA',8),(8,'PESO','PESO','10    ','CONCETTI USATI PER IDENTIFICARE IL PESO CAMPIONARIO',9),(10,'PARADATO','PARADATA','12    ','PARADATI ..',10),(12,'CONCETTI IDENTIFICATIVI DEL DATASET','DATASET IDENTIFIER','11    ','VARIABILI STATISTICHE COMPOSTE',11),(7,'NON DEFINITA','UNDEFINED','9     ','VARIABILI NON DEFINITE',12);

--
-- DUMPING DATA FOR TABLE `SM_EDIZIONE`
--

INSERT INTO sm_edizione (ID,CODICE_EDIZIONE,NOME_EDIZIONE,DATA_IN,DATA_FIN,INDAGINE,PERIODICITA,TIPO) VALUES (1,'FATT_M','MENSILE',NULL,NULL,1,NULL,NULL),(2,'FAS_T','TRIMESTRALE',NULL,NULL,2,NULL,NULL);

--
-- DUMPING DATA FOR TABLE `SM_STEP_INSTANCE`
--

INSERT INTO sm_step_instance (ID,NOME,DESCR,FCALL) VALUES (1,'COPY_ROWS_DATA','COPIA DATI FILTRATI  E TRAFORMATI DA GX A WD','copyRowsData'),(3,'VIEW_DATA','VISUALIZZA DATI (FILTRATI)  DA WD','viewData'),(2,'VALIDATE_RULES','VALIDA UN DATASET SU UN RULESET','validateRules');

--
-- DUMPING DATA FOR TABLE `SM_RULE`
--

INSERT INTO sm_rule (ID,CODE,DESCR,RTYPE,ERRCODE,ACTIVE,FORMULA,RULESET,VARIABILE,FORMULA_ORI) VALUES (21,'REGOLA1','REGOLA1',3,3,1,'NAZ_FATT>0 AND NAZ_ORD>0',3,NULL,NULL),(22,'REGOLA2','REGOLA2',3,3,1,'NAZ_FATT==0 AND NAZ_ORD==0',3,NULL,NULL),(23,'REGOLA3','REGOLA3',3,3,1,'EST_FATT>0 AND EST_ORD>0',3,NULL,NULL),(1,'NOME KEYID','DESCRIZIONE  KEYID',1,1,1,'KEYID',2,'KEYID','KEYID'),(2,'NOME MESE','DESCRIZIONE  MESE',1,1,1,'KEYDATA % 100',2,'MESE','REMAILDER(KEYDATA,100)'),(3,'NOME ASIA','DESCRIZIONE  ASIA',1,1,1,'COD_ASIA',2,'ASIA','COD_ASIA'),(4,'NOME ANNO','DESCRIZIONE  ANNO',1,1,1,'KEYDATA/100',2,'ANNO','FLOOR(KEYDATA/100)'),(5,'NOME COD_DITT','DESCRIZIONE  COD_DITT',1,1,1,'UR.substring(0, 9)',2,'COD_DITT','SUBSTR(UR, 1, 9)'),(6,'NOME UNI_FUNZ','DESCRIZIONE  UNI_FUNZ',1,1,1,'UR.substring(10)',2,'UNI_FUNZ','SUBSTR(UR, 11, 2)+0'),(7,'NOME DATA_INS','DESCRIZIONE  DATA_INS',1,1,1,'LASTUPDATE',2,'DATA_INS','LASTUPDATE'),(8,'NOME UTENTE','DESCRIZIONE  UTENTE',1,1,1,'UTENTE',2,'UTENTE','UTENTE'),(9,'NOME NRINVIO','DESCRIZIONE  NRINVIO',1,1,1,'NRINVIO',2,'NRINVIO','NRINVIO'),(10,'NOME NOTE_REVISORE','DESCRIZIONE  NOTE_REVISORE',1,1,1,'NOTE_REVISORE',2,'NOTE','NOTE_REVISORE'),(11,'NOME NAZ_FATT','DESCRIZIONE  NAZ_FATT',1,1,1,'A01A',2,'NAZ_FATT','A01A'),(12,'NOME EST_FATT','DESCRIZIONE  EST_FATT',1,1,1,'A01B',2,'EST_FATT','A01B'),(13,'NOME CEE_FATT','DESCRIZIONE  CEE_FATT',1,1,1,'A01C',2,'CEE_FATT','A01C'),(14,'NOME NAZ_ORD','DESCRIZIONE  NAZ_ORD',1,1,1,'A01D',2,'NAZ_ORD','A01D'),(15,'NOME EST_ORD','DESCRIZIONE  EST_ORD',1,1,1,'A01E',2,'EST_ORD','A01E'),(16,'NOME NOTA_FN','DESCRIZIONE  NOTA_FN',1,1,1,'A011',2,'NOTA_FN','A011'),(17,'NOME NOTA_FE','DESCRIZIONE  NOTA_FE',1,1,1,'A012',2,'NOTA_FE','A012'),(18,'NOME E_FATT','DESCRIZIONE  E_FATT',1,1,1,'A02',2,'E_FATT','A02'),(19,'NOME NOTA_FZ','DESCRIZIONE  NOTA_FZ',1,1,1,'A013',2,'NOTA_FZ','A013'),(20,'SELEZIONE','SELEZIONE DA GX',1,1,1,'FATT_PORTAL.KEYID<2004296',1,NULL,'KEYID<2004296'),(24,'SELEZIONE','SELEZIONE DA WD',1,1,1,'KEYID<2004296',4,NULL,'KEYID<194683');

--
-- DUMPING DATA FOR TABLE `SM_UNIT_EDITION_FASE`
--

INSERT INTO sm_unit_edition_fase (ID,NOME,DESCR,EDIZIONE,FASE,UNIT) VALUES (1,NULL,NULL,1,1,2),(2,NULL,NULL,1,2,1);

--
-- DUMPING DATA FOR TABLE `SM_TIPO_OGGETTO`
--

INSERT INTO sm_tipo_oggetto (ID,NOME,DESCR) VALUES (1,'UNIT','UNITÀ FUNZIONALE'),(2,'VAR','VARIABILE'),(3,'RULE_TRANSFORMATION','REGOLE DI MAPPING'),(4,'RULE_SELECTION','REGOLE DI SELEZIONE');

--
-- DUMPING DATA FOR TABLE `SM_WORKSET`
--

INSERT INTO sm_workset (ID,DESCRIZIONE,ID_OGGETTO,TIPO_OGGETTO,TIPO_IO,ISTANZA,ORDINE,NOME_OGGETTO) VALUES (1,'UNIT_RACCOLTA_DATI',2,1,1,1,1,'UI'),(2,'UNIT_WORKING_DATA',1,1,2,1,2,'UO'),(3,'FORMULE DI COMPOSIZIONE DEL WORKSET',2,3,1,1,3,'MAPPING_RULES'),(4,'REGOLE DI SELEZIONE DA INPUT',1,4,1,1,4,'SELECTION_RULES'),(8,'UNIT_WORKING_DATA INPUT',1,1,1,3,1,'UI'),(9,'REGOLE DI SELEZIONE DA INPUT VALIDATE',4,4,1,3,2,'SELECTION_RULES'),(5,'UNIT_WORKING_DATA INPUT',1,1,1,2,1,'UI'),(6,'REGOLE DI SELEZIONE DA INPUT VALIDATE',4,4,1,2,2,'SELECTION_RULES'),(7,'FORMULE DI VALIDAZIONE DEL WORKSET',3,3,1,2,3,'VALIDATE_RULES');

--
-- DUMPING DATA FOR TABLE `SM_DATASET`
--

INSERT INTO sm_dataset (ID,TABELLA,TIPO_TABELLA,UNIT,TABLE_NAME,TABLE_KEY,TABLE_MASTER,KEY_MASTER) VALUES (1,'FATT_MICRODATI',1,1,'FATT_SINTESI','KEYID',NULL,NULL),(2,'MI_FATT_PRODUZIONE@GX.FATT',1,2,'MI_FATT_PORTAL','KEYID','FATT_PORTAL','KEYID'),(3,'FATT_PRODUZIONE@GX.FATT',1,2,'FATT_PORTAL','KEYID',NULL,NULL);

--
-- DUMPING DATA FOR TABLE `SM_VARIABLE`
--

INSERT INTO sm_variable (ID,ID_VARIABLE,NOME_VARIABLE_IT,NOME_VARIABLE_EN,DEFINIZIONE_IT,DEFINIZIONE_EN,RAGGRUPPAMENTO,TIPO_VARIABILE,TIPO_VARIABILE_ID) VALUES (1,'NAZ_ORD','ORDINI INTERNI','WARNING: TRANSLATION NOT AVAILABLE',NULL,NULL,NULL,'2     ',2),(2,'EST_ORD','ORDINI ESTERI','WARNING: TRANSLATION NOT AVAILABLE',NULL,NULL,NULL,'2     ',2),(3,'NAZ_FATT','FATTURATO INTERNO','WARNING: TRANSLATION NOT AVAILABLE',NULL,NULL,NULL,'2     ',2),(4,'EST_FATT','FATTURATO ESTERO','WARNING: TRANSLATION NOT AVAILABLE',NULL,NULL,NULL,'2     ',2),(5,'CEE_FATT','FATTURATO ZONA EURO','WARNING: TRANSLATION NOT AVAILABLE',NULL,NULL,NULL,'2     ',2),(6,'ANNO_BAS','ANNO BASE','WARNING:TRANSLATION NOT AVAILABLE',NULL,NULL,NULL,'4     ',4),(7,'UNI_FUNZ','UNITÀ FUNZIONALE','NON DEFINITO',NULL,NULL,NULL,'8     ',11),(8,'SETT_ATTIVECO','SETTORE DI ATTIVITÀ ECONOMICA','SECTOR OF ECONOMIC ACTIVITY',NULL,NULL,NULL,'1     ',1),(9,'COD_DITT','CODICE DITTA NAI','CODICE DITTA NAI',NULL,NULL,NULL,'8     ',11),(10,'CEE_ORD','ORDINATIVI ZONA EURO','WARNING: TRANSLATION NOT AVAILABLE',NULL,NULL,NULL,'2     ',2),(11,'MESE','MESE','MESE',NULL,NULL,NULL,'5',5),(12,'ANNO','ANNO','ANNO',NULL,NULL,NULL,'5',5),(13,'KEYID','KEYID','KEYID',NULL,NULL,NULL,'2',2),(17,'UR','UR','UR',NULL,NULL,NULL,'2',2),(19,'LASTUPDATE','LASTUPDATE','LASTUPDATE',NULL,NULL,NULL,'2',2),(20,'UTENTE','UTENTE','UTENTE',NULL,NULL,NULL,'2',2),(21,'NRINVIO','NRINVIO','NRINVIO',NULL,NULL,NULL,'2',2),(22,'NOTE_REVISORE','NOTE_REVISORE','NOTE_REVISORE',NULL,NULL,NULL,'2',2),(23,'A01A','A01A','A01A',NULL,NULL,NULL,'2',2),(24,'A01B','A01B','A01B',NULL,NULL,NULL,'2',2),(25,'A01C','A01C','A01C',NULL,NULL,NULL,'2',2),(26,'A01D','A01D','A01D',NULL,NULL,NULL,'2',2),(27,'A01E','A01E','A01E',NULL,NULL,NULL,'2',2),(28,'A011','A011','A011',NULL,NULL,NULL,'2',2),(29,'A012','A012','A012',NULL,NULL,NULL,'2',2),(30,'A013','A013','A013',NULL,NULL,NULL,'2',2),(31,'A02','A02','A02',NULL,NULL,NULL,'2',2),(16,'COD_ASIA','COD_ASIA','COD_ASIA',NULL,NULL,NULL,'2',2),(14,'KEYDATA','KEYDATA','KEYDATA',NULL,NULL,NULL,'2',2);

--
-- DUMPING DATA FOR TABLE `WD_EDIZIONE`
--

INSERT INTO wd_edizione (ID,ANNO,MESE,USER_LAVORAZIONE,DATA_ULTIMA_LAVORAZIONE,TIPO,INDAGINE,USER_ULTIMA_LAVORAZIONE,DATA_INIZIO,DATA_FINE,PERIODICITA,EDIZIONE) VALUES (2,2016,2,83,'2018-09-03 13:57:34','MENSILE','5000157','FRA@FRA.IT',NULL,NULL,NULL,1),(1,2016,1,283,'2018-06-04 17:38:24','MENSILE','5000157','FILIBERTI@ISTAT.IT',NULL,NULL,NULL,1),(3,2016,3,83,'2018-08-29 18:31:24','MENSILE','5000157','FRA@FRA.IT',NULL,NULL,NULL,1),(6,2016,3,83,'2018-08-23 15:32:39','TRIMESTRALE','8888957','FRA@FRA.IT',NULL,NULL,NULL,2),(7,2016,4,83,'2018-06-08 17:32:10','TRIMESTRALE','8888957','FRA@FRA.IT',NULL,NULL,NULL,2),(8,2016,4,NULL,'2018-08-24 15:50:28','MENSILE','5000157','FRA@FRA.IT',NULL,NULL,NULL,1),(9,2016,5,NULL,'2018-08-24 15:50:59','MENSILE','5000157','FRA@FRA.IT',NULL,NULL,NULL,1),(10,2016,6,83,'2018-08-24 15:37:01','MENSILE','5000157','FRA@FRA.IT',NULL,NULL,NULL,1),(11,2016,7,NULL,'2018-06-04 15:47:02','MENSILE','5000157','FRA@FRA.IT',NULL,NULL,NULL,1),(12,2016,8,83,'2018-06-08 17:18:46','MENSILE','5000157','FRA@FRA.IT',NULL,NULL,NULL,1),(13,2016,9,NULL,'2018-05-14 15:54:05','MENSILE','5000157','FRA@FRA.IT',NULL,NULL,NULL,1),(14,2016,10,NULL,NULL,'MENSILE','5000157',NULL,NULL,NULL,NULL,1),(15,2016,11,83,'2018-06-08 17:34:43','MENSILE','5000157','FRA@FRA.IT',NULL,NULL,NULL,1),(16,2016,12,83,'2018-08-27 11:59:11','MENSILE','5000157','FRA@FRA.IT',NULL,NULL,NULL,1),(4,2016,1,303,'2018-05-28 15:09:49','TRIMESTRALE','8888957','SURVEY@ISTAT.IT',NULL,NULL,NULL,2),(5,2016,2,283,'2018-05-18 11:02:56','TRIMESTRALE','8888957','FILIBERTI@ISTAT.IT',NULL,NULL,NULL,2);

--
-- DUMPING DATA FOR TABLE `SM_UNIT_JOIN`
--

INSERT INTO sm_unit_join (ID,PROCESS,UNIT,TABLE_MASTER,KEY_MASTER,TABLE_NAME,KEY_NAME,DBLINK,WHERE_STM) VALUES (NULL,1,'UNITÀ FUNZIONALE',NULL,NULL,'FATT_WS','KEYID',NULL,'LASTUPDATE>(SELECT MAX(DATA_INS) FROM MICRO_GX)'),(3,1,'UNITÀ_FUNZIONALE','FATT_WS','KEYID','FATT_PRODUZIONE','KEYID','@GX.FATT','LASTUPDATE>(SELECT MAX(DATA_INS) FROM MICRO_GX)'),(4,1,'UNITÀ_FUNZIONALE','FATT_WS','KEYID','MI_FATT_PRODUZIONE','KEYID','@GX.FATT','LASTUPDATE>(SELECT MAX(DATA_INS) FROM MICRO_GX)');

--
-- DUMPING DATA FOR TABLE `SM_UNIT_SELECT`
--

INSERT INTO sm_unit_select (PROCESS,TABLE_NAME,VARIABILE,COL_NAME) VALUES (1,'MI_FATT_PRODUZIONE.','KEYID','KEYID'),(1,NULL,'REMAINDER(KEYDATA, 100)','MESE'),(1,'MI_FATT_PRODUZIONE.','COD_ASIA','ASIA'),(1,NULL,'FLOOR(KEYDATA/100)','ANNO'),(1,NULL,'SUBSTR(UR, 1, 9)','COD_DITT'),(1,NULL,'SUBSTR(UR, 11, 2)+0','UNI_FUNZ'),(1,'MI_FATT_PRODUZIONE.','LASTUPDATE','DATA_INS'),(1,'MI_FATT_PRODUZIONE.','UTENTE','UTENTE'),(1,'MI_FATT_PRODUZIONE.','NRINVIO','NRINVIO'),(1,'MI_FATT_PRODUZIONE.','NOTE','NOTE_REVISORE'),(1,'FATT_PRODUZIONE.','A01A','NAZ_FATT'),(1,'FATT_PRODUZIONE.','A01B','EST_FATT'),(1,'FATT_PRODUZIONE.','A01C','CEE_FATT'),(1,'MI_FATT_PRODUZIONE.','A01D','NAZ_ORD'),(1,'MI_FATT_PRODUZIONE.','A01E','EST_ORD'),(1,'MI_FATT_PRODUZIONE.','A011','NOTA_FN'),(1,'MI_FATT_PRODUZIONE.','A012','NOTA_FE'),(1,'MI_FATT_PRODUZIONE.','A02','E_FATT'),(1,'MI_FATT_PRODUZIONE.','A013','NOTA_FZ');

--
-- DUMPING DATA FOR TABLE `SM_EDIZ_UNIT_VAR`
--

INSERT INTO sm_ediz_unit_var (ID,VARIABILE,ORDINE,UNIT,ALIAS_SQL,ATTIVA) VALUES (13,13,13,2,'FATT_PORTAL.KEYID AS KEYID',1),(14,14,14,2,NULL,1),(16,16,16,2,NULL,1),(17,17,17,2,NULL,1),(19,19,19,2,'MI_FATT_PORTAL.LASTUPDATE AS LASTUPDATE',1),(20,20,20,2,'MI_FATT_PORTAL.UTENTE AS UTENTE',1),(21,21,21,2,'MI_FATT_PORTAL.NRINVIO AS NRINVIO',1),(22,22,22,2,NULL,1),(23,23,23,2,NULL,1),(24,24,24,2,NULL,1),(25,25,25,2,NULL,1),(26,26,26,2,NULL,1),(27,27,27,2,NULL,1),(28,28,28,2,NULL,1),(29,29,29,2,NULL,1),(30,30,30,2,NULL,1),(31,31,31,2,NULL,1),(1,1,1,1,NULL,1),(2,2,2,1,NULL,1),(3,3,3,1,NULL,1),(4,4,4,1,NULL,1),(5,5,5,1,NULL,1),(6,6,6,1,NULL,0),(7,7,7,1,NULL,1),(8,8,8,1,NULL,0),(9,9,9,1,NULL,1),(10,10,10,1,NULL,0),(11,11,11,1,NULL,1),(12,12,12,1,NULL,1),(32,13,0,1,NULL,1);

--
-- DUMPING DATA FOR TABLE `SM_INSTANCE_VARIABLE`
--

INSERT INTO sm_instance_variable (ID,NOME_CAMPO,DESCRIZIONE,ETICHETTA,TIPO,INF,SUP,MISS,INDAGINE,LENGTH,TIPO_VARIABILE_SUM,ID_VARIABLE) VALUES (1,'ANNO','VARIABILE ANNO','ANNO','NUMBER','0','0',NULL,'5000157',22,2,NULL),(2,'MESE','VARIABILE MESE','MESE','NUMBER','0','0',NULL,'5000157',22,2,NULL),(3,'COD_DITT','VARIABILE COD_DITT','COD_DITT','VARCHAR2','0','0',NULL,'5000157',9,2,9),(4,'UNI_FUNZ','VARIABILE UNI_FUNZ','UNI_FUNZ','NUMBER','0','0',NULL,'5000157',22,2,7),(5,'DATA_INS','VARIABILE DATA_INS','DATA_INS','DATE','0','0',NULL,'5000157',7,2,NULL),(6,'ATECO','VARIABILE ATECO','ATECO','VARCHAR2','0','0',NULL,'5000157',5,2,NULL),(7,'NAZ_FATT','VARIABILE NAZ_FATT','NAZ_FATT','NUMBER','0','0',NULL,'5000157',22,2,3),(8,'NAZ_F_SE','VARIABILE NAZ_F_SE','NAZ_F_SE','VARCHAR2','0','0',NULL,'5000157',1,2,NULL),(9,'EST_FATT','VARIABILE EST_FATT','EST_FATT','NUMBER','0','0',NULL,'5000157',22,2,4),(10,'EST_F_SE','VARIABILE EST_F_SE','EST_F_SE','VARCHAR2','0','0',NULL,'5000157',1,2,NULL),(11,'CEE_FATT','VARIABILE CEE_FATT','CEE_FATT','NUMBER','0','0',NULL,'5000157',22,2,5),(12,'CEE_F_SE','VARIABILE CEE_F_SE','CEE_F_SE','VARCHAR2','0','0',NULL,'5000157',1,2,NULL),(13,'NAZ_ORD','VARIABILE NAZ_ORD','NAZ_ORD','NUMBER','0','0',NULL,'5000157',22,2,1),(14,'NAZ_O_SE','VARIABILE NAZ_O_SE','NAZ_O_SE','VARCHAR2','0','0',NULL,'5000157',1,2,NULL),(15,'EST_ORD','VARIABILE EST_ORD','EST_ORD','NUMBER','0','0',NULL,'5000157',22,2,2),(16,'EST_O_SE','VARIABILE EST_O_SE','EST_O_SE','VARCHAR2','0','0',NULL,'5000157',1,2,NULL),(17,'IDR','VARIABILE IDR','IDR','NUMBER','0','0',NULL,'5000157',22,2,NULL);

--
-- DUMPING DATA FOR TABLE `SM_EDIZ_UNIT_VAR_MODELDATA`
--

INSERT INTO sm_ediz_unit_var_modeldata (FLAG_LISTA,FLAG_CHIAVE,FLAG_SORT,FLAG_FISSO,FLAG_CHIAVE_EXT,FLAG_CHIAVE_INT,FLAG_ATTIVO,FLAG_OGGETTO,CONDIZIONE,SM_EDIZ_UV_ID) VALUES (0,0,0,0,0,0,0,0,NULL,1),(0,0,0,0,0,0,0,0,NULL,2),(0,0,0,0,0,0,0,0,NULL,3),(0,0,0,0,0,0,0,0,NULL,4),(0,0,0,0,0,0,0,0,NULL,5),(0,0,0,0,0,0,0,0,NULL,6),(0,1,4,0,0,1,0,0,NULL,7),(0,0,0,0,0,0,0,0,NULL,8),(0,1,3,0,0,1,0,0,NULL,9),(0,0,0,0,0,0,0,0,NULL,10),(0,1,2,0,0,1,0,0,NULL,11),(0,1,1,0,0,1,0,0,NULL,12),(0,1,0,0,0,0,0,0,NULL,13),(0,0,0,0,0,0,0,0,NULL,14),(0,0,0,0,0,0,0,0,NULL,16),(0,0,0,0,0,0,0,0,NULL,17),(0,0,0,0,0,0,0,0,NULL,19),(0,0,0,0,0,0,0,0,NULL,20),(0,0,0,0,0,0,0,0,NULL,21),(0,0,0,0,0,0,0,0,NULL,22),(0,0,0,0,0,0,0,0,NULL,23),(0,0,0,0,0,0,0,0,NULL,24),(0,0,0,0,0,0,0,0,NULL,25),(0,0,0,0,0,0,0,0,NULL,26),(0,0,0,0,0,0,0,0,NULL,27),(0,0,0,0,0,0,0,0,NULL,28),(0,0,0,0,0,0,0,0,NULL,29),(0,0,0,0,0,0,0,0,NULL,30),(0,0,0,0,0,0,0,0,NULL,31),(0,1,0,0,0,0,0,0,NULL,32);

--
-- DUMPING DATA FOR TABLE `SM_LINK_STEP_INSTANCE`
--

INSERT INTO sm_link_step_instance (ISTANZA,STEP) VALUES (1,1);

--
-- DUMPING DATA FOR TABLE `TIPO_VARIABILE_SUM`
--

INSERT INTO tipo_variabile_sum (NOME_TIPO_VARIABILE_ITA,NOME_TIPO_VARIABILE_ENG,TIPO_VARIABILE,TITOLO,ORDINE) VALUES ('VARIABILI STATISTICHE DI CLASSIFICAZIONE','CLASSIFICATION','1     ','VARIABILI STATISTICHE DI CLASSIFICAZIONE',2),('VARIABILI STATISTICHE NUMERICHE','NUMERIC','2     ','VARIABILI STATISTICHE NUMERICHE',3),('VARIABILI STATISTICHE TESTUALI','TEXTUAL/OPENED','3     ','VARIABILI STATISTICHE TESTUALI',4),('CONCETTI DI TIPO OPERATIVO','OPERATIONAL','4     ','CONCETTI DI TIPO OPERATIVO',6),('CONCETTI DI TIPO TEMPORALE','TEMPORALE','5     ','CONCETTI DI TIPO TEMPORALE',7),('AGGREGATO','AGGREGATE','6     ','CONCETTI RELATIVI AL CONTENUTO DEI DATI',5),('NON DEFINITA','UNDEFINED','9     ','VARIABILI NON DEFINITE',12),('PESO','PESO','10    ','CONCETTI USATI PER IDENTIFICARE IL PESO CAMPIONARIO',9),('CONCETTI RELATIVI ALLA FREQUENZA','FREQUENCY','7     ','CONCETTI RELATIVI ALLA FREQUENZA',8),('PARADATO','PARADATA','12    ','PARADATI ..',10),('VARIABILI IDENTIFICATIVE DELLE UNITÀ','INDENTIFIER','8     ','VARIABILI IDENTIFICATIVE DELLE UNITÀ',1),('CONCETTI IDENTIFICATIVI DEL DATASET','DATASET IDENTIFIER','11    ','VARIABILI STATISTICHE COMPOSTE',11);

--
-- DUMPING DATA FOR TABLE `WD_EDIZIONE_OLD`
--

INSERT INTO wd_edizione_old (ID,EDIZIONE,MESE,ANNO,PERIODICITA) VALUES (1,1,1,2018,1);

insert into `fatt_portal` (`keyid`,`utente`,`lastupdate`,`note_revisore`,`a01a`,`a01b`,`a01c`,`a01d`,`a01e`,`a011`,`a012`,`a013`,`a02`,`nrinvio`,`gxdb`) values (2004291,null,null,null,null,null,null,null,null,null,null,null,null,0,0),(2004292,null,null,null,5872,6361,4159,1571,5261,null,null,null,null,0,0),(2004293,null,null,null,12405046,14835849,6269350,null,null,null,null,null,null,0,0),(2004294,null,null,null,81268,201,null,null,null,null,null,null,null,0,0),(2004295,null,null,null,1423,null,null,1838,null,null,null,null,null,0,0),(2004296,null,null,null,1190,3002,427,1039,2806,null,null,null,null,0,0),(2004297,null,null,null,1259,1370,577,null,null,null,null,null,null,0,0),(2004298,null,null,null,2408,7616,4604,2400,7650,null,null,null,null,0,0),(2004299,null,null,null,832,31,27,835,31,null,null,null,null,0,0);

--
-- dumping data for table `mi_fatt_portal_10`
--

insert into `mi_fatt_portal` (`keyid`,`cod_asia`,`indagine`,`ur`,`keydata`,`flag`,`percorso`,`percdom`,`percreg`,`gruppo_impresa`,`lastupdate`,`lastbk`,`codrisposta`,`attivo`,`datains`,`utente`,`nrinvio`) values (2004291,123456,'fatt012013','aaaaaaaaa-0',12345,0,'1','111111',null,'01003',null,null,null,1,null,null,null),(2004292,671486,'fatt012013','nnn0n264n-0',201301,0,'1','111111',null,'01001',null,null,null,1,null,null,null),(2004293,11466003,'fatt012013','vvv0vv268v-0',201301,0,'1','111111',null,'05023',null,null,null,1,null,null,null),(2004294,273483,'fatt012013','oiii00271i-0',201301,0,'1','111111',null,'13068',null,null,null,1,null,null,null),(2004295,23913,'fatt012013','012oo0273o-0',201301,0,'1','111111',null,'01096',null,null,null,1,null,null,null),(2004296,20690503,'fatt012013','00000280l-0',201301,0,'1','111111',null,'08037',null,null,null,1,null,null,null),(2004297,170504,'fatt012013','00000000n-0',1111111,0,'1','111111',null,'01003',null,null,null,1,null,null,null),(2004298,99999,'fatt012013','00111284t-1',201301,0,'1','111111',null,'01001',null,null,null,1,null,null,null),(2004299,99999,'fatt012013','00000000t-2',222222,0,'1','111111',null,'01001',null,null,null,1,null,null,null);

